ID,Formato,Tema,Referência da aula,Criativo pronto,Gancho,Copy / Roteiro,Argumentação,Proposta,Estratégia,CTA,Status
C01,Card,Vida no automático,Noite 1 · Abertura · Material de Apoio p.6 · PDF Aula 01 p.2,F01 (story e feed),Você não está vivendo a vida que escolheu. E você sabe disso.,"Card com a frase. Legenda: Eu vivi quase 30 anos numa vida que eu não queria, achando que não poderia viver uma vida diferente. Se você sente que está no automático, isso não é culpa sua: ninguém te entregou as regras do jogo.",Identificação: a seguidora se reconhece na vida automática e percebe que não é falta de esforço.,Despertar consciência de que existe outra forma de viver.,Topo de funil · alcance e identificação · repostável,Comenta EU ESCOLHO se você decidiu viver a vida que escolheu.,A produzir legenda
C02,Card,O jogo sem regras,Noite 1 · Lição I · Material de Apoio p.6 · PDF Aula 01 p.3,F02 (story e feed),Você não pode ganhar um jogo cujas regras nunca te ensinaram.,"Card com a frase. Legenda: Te mandaram estudar, trabalhar, acordar cedo. Ninguém te ensinou como a mente funciona. Por isso você se esforça e não vê resultado.","Tira a culpa da pessoa e reposiciona o problema: falta o manual, não esforço.",Apresentar a Dra. Próton como quem entrega as regras do jogo.,Topo de funil · autoridade · salvamentos,Salva para lembrar: o problema nunca foi você.,A produzir legenda
C03,Card,Você é energia,Noite 1 · Lição II · Material de Apoio p.6-7 · PDF Aula 01 p.3,F03 (story e feed),Você é um ser de energia vivendo uma experiência humana.,"Card com a frase. Legenda: Você não é o seu nome, nem o seu cargo, nem a sua conta bancária. Você está. E tudo o que está pode mudar.","Mudança de identidade: de ""eu sou pobre"" para ""eu estou em estado de pobreza"".",Abrir a porta para a reprogramação.,Topo de funil · compartilhamento,Manda para alguém que precisa lembrar disso hoje.,A produzir legenda
C04,Card,Abundância é natural,Noite 1 · Lição III · Material de Apoio p.7 · PDF Aula 01 p.4,F04 (story e feed),A pobreza é antinatural.,Card com a frase. Legenda: Olhe para uma mata crescendo sem esforço. Uma semente jogada na terra floresce sozinha. Tudo o que é de Deus é abundante. A escassez foi aprendida.,"Conecta fé e prosperidade, quebrando a crença de que Deus quis a pobreza.",Quebrar a crença religiosa de escassez.,Topo de funil · polêmica leve · comentários,Comenta AMÉM se você declara abundância na sua vida.,A produzir legenda
C05,Card,O universo é um espelho,Noite 1 · Lição IV · Material de Apoio p.7 · PDF Aula 01 p.4,F05 (story e feed),O universo não julga. Ele devolve o que você vibra.,"Card com a frase. Legenda: Não adianta brigar com o espelho por causa da ruga. Ele só mostra o que está na frente dele. Para mudar o reflexo, mude o que você emite.",Metáfora simples e visual da lei da vibração.,Ensinar o conceito-base da Imersão.,Meio de funil · educação · salvamentos,Salva e relê quando o dia começar a dar errado.,A produzir legenda
C06,Card,Sentir x pensar,Noite 1 · Lição IV · Material de Apoio p.7 · PDF Aula 01 p.4,F06 (story e feed),O que você sente vibra 5.000 vezes mais forte do que o que você pensa.,Card com a frase. Legenda: Por isso repetir afirmações sem emoção não funciona. É a emoção que carrega a sua frequência.,Explica por que técnicas superficiais falharam.,Posicionar o método (emoção + reprogramação) como diferente.,"Meio de funil · quebra de objeção ""já tentei de tudo""","Comenta SINTO se você vai começar a sentir, e não só pensar.",A produzir legenda
C07,Card,Real ou imaginado,Noite 1 · Lição V · Material de Apoio p.8 · PDF Aula 01 p.5,F07 (story e feed),O cérebro não sabe diferenciar o real do imaginado.,"Card com a frase. Legenda: Cada vez que você remói quem te fez mal, o seu cérebro vive aquilo de novo. E cada vez que você imagina a vida nova com emoção, ele começa a viver ela também.",Neurociência simples com aplicação imediata.,Mostrar o poder da visualização.,Meio de funil · educação,Salva e faz o teste hoje antes de dormir.,A produzir legenda
C08,Card,Programação da infância,Noite 1 · Lição VI · Material de Apoio p.8-9 · PDF Aula 01 p.6,F09 (story e feed),Diploma nenhum apaga uma programação negativa.,"Card com a frase. Legenda: Faculdade, mestrado, doutorado. E a vida continua travada. Porque o que te trava foi gravado antes dos 7 anos, no subconsciente.",Explica por que conhecimento sozinho não resolve.,Levar para a ideia de reprogramação.,"Meio de funil · objeção ""já estudei muito""",Comenta CD se você sente que a sua música ainda é a da infância.,A produzir legenda
C09,Card,Chega de migalhas,Noite 2 · Abertura · Material de Apoio p.13 · PDF Aula 02 p.2,F10 (story e feed),"A partir de hoje, você não aceita mais migalhas.","Card com a frase. Legenda: Migalha de amor, de dinheiro, de respeito, de tempo. Toda vez que algo tocar o seu coração, escreva: chega de migalhas.","Frase-bandeira, gera identidade de grupo.",Criar um bordão da comunidade.,Topo de funil · engajamento em massa,Comenta CHEGA DE MIGALHAS.,A produzir legenda
C10,Card,Sobreviver x conquistar,Noite 2 · Lição I · Material de Apoio p.13 · PDF Aula 02 p.3,F11 e F12 (story e feed),Quem sobrevive não conquista.,"Card com a frase. Legenda: O que você realmente conquistou nos últimos 12 meses? Se a resposta for quase nada, você não é sobrevivente. Você está sobrevivente.",Pergunta de diagnóstico que provoca reflexão imediata.,Criar urgência de mudança.,Meio de funil · consciência do problema,Responde nos comentários: o que você conquistou este ano?,A produzir legenda
C11,Card,Autovalor,Noite 2 · Lição II · Material de Apoio p.13-14 · PDF Aula 02 p.3,F13 (story e feed),O mundo te enxerga da forma que você se enxerga.,"Card com a frase. Legenda: As pessoas te tratam dentro do valor que você se dá. Se você se vê pequena, todos vão te ver pequena.","Autoestima como causa, não consequência.",Trabalhar autovalor.,Topo de funil · compartilhamento,Manda para uma amiga que precisa se enxergar maior.,A produzir legenda
C12,Card,Governar as emoções,Noite 2 · Lição V · Material de Apoio p.14-15 · PDF Aula 02 p.4,F15 (story e feed),"Se você não governa as suas emoções, não governa mais nada na sua vida.","Card com a frase. Legenda: Quantas carreiras, casamentos e famílias foram destruídos num único momento de raiva?",Emoção como centro de tudo na era da IA.,Posicionar inteligência emocional como habilidade essencial.,Topo de funil · autoridade,Salva e lê quando a raiva chegar.,A produzir legenda
C13,Card,Perdão,Noite 2 · Prática · Material de Apoio p.16-17 · PDF Aula 02 p.5,F16 (story e feed),Eu te perdoo e te liberto.,"Card com a frase. Legenda: Perdoar não é concordar, nem aceitar, nem conviver. É decidir não carregar mais o lixo de algo que você não fez.",Ressignifica o perdão e derruba a resistência.,Convite para a prática do perdão.,Meio de funil · emoção profunda,Comenta EU ME LIBERTO.,A produzir legenda
C14,Card,Mudar de vida,Noite 2 · Não trave o processo · Material de Apoio p.17 · PDF Aula 02 p.6,F17 e F18 (story e feed),Melhorar de vida é ganhar mais. Mudar de vida é nunca mais voltar.,Card com a frase. Legenda: Muita gente vive de imersão em imersão sem mudar de vida porque trava o processo no meio. Obediência é maturidade.,Diferencia melhora pontual de transformação.,Preparar para oferta de continuidade (Clube Secreto).,Fundo de funil · aquecimento para oferta,"Comenta MUDAR se você quer mudar, e não só melhorar.",A produzir legenda
C15,Card,Soltar o velho,Noite 3 · Abertura · Material de Apoio p.20 · PDF Aula 03 p.2,F19 (story e feed),O universo só te dá o novo quando você escolhe soltar o velho.,"Card com a frase. Legenda: O que você ainda está segurando que, no fundo, já sabe que deveria ter soltado?",Pergunta aberta que gera comentários longos.,Trabalhar desapego.,Topo de funil · comentários,Responde nos comentários: do que você vai se despedir hoje?,A produzir legenda
C16,Card,Nova identidade,Noite 3 · Eu do futuro · Material de Apoio p.22 · PDF Aula 03 p.4,F21 e F22 (story e feed),Eu ganhei a pessoa que eu nasci para ser.,"Card com a frase. Legenda: Quando perguntarem o que você ganhou mudando, responda assim.","Encerramento emocional, prova de transformação.",Fechar a jornada com esperança.,Fundo de funil · desejo,Comenta EU NASCI PARA SER MAIS.,A produzir legenda
K01,Carrossel,As regras do jogo que ninguém te ensinou,Noite 1 · Lições I a IV · Material de Apoio p.6-7 · PDF Aula 01 p.3-4,Capa: F02 (feed),Ninguém te entregou o manual da vida. Aqui estão 4 regras.,"Slide 1: Ninguém te entregou o manual da vida. / Slide 2: Regra 1: você não é, você está. O seu nome e o seu cargo são estados. / Slide 3: Regra 2: tudo é energia, e só existe uma. / Slide 4: Regra 3: o universo é um espelho e devolve o que você vibra. / Slide 5: Regra 4: o que você sente vibra 5.000 vezes mais forte do que o que você pensa. / Slide 6: Agora você sabe as regras. Falta praticar. / Slide 7: CTA.","Didático e sequencial, entrega valor real e gera salvamento.",Mostrar a profundidade do conteúdo da Imersão.,Meio de funil · salvamentos e compartilhamentos,Salva este post e comenta REGRAS para receber a próxima parte.,A produzir
K02,Carrossel,O CD em branco,Noite 1 · Lição VI · Material de Apoio p.8-9 · PDF Aula 01 p.6,—,A sua vida é uma música gravada antes dos 7 anos.,"Slide 1: A sua vida é uma música gravada antes dos 7 anos. / Slide 2: Na barriga da mãe você era um CD em branco. / Slide 3: Tudo o que ela sentia gravava uma música: amor ou medo. / Slide 4: Até os 7 anos só existe o subconsciente: o que te disseram virou verdade. / Slide 5: Adulta, o CD toca as mesmas músicas e atrai pessoas da mesma frequência. / Slide 6: Por isso diploma nenhum resolve. A solução é regravar. / Slide 7: CTA.",Metáfora forte e fácil de entender.,Levar à necessidade de reprogramação.,Meio de funil · educação,Comenta CD e me conta: qual música ainda toca na sua vida?,A produzir
K03,Carrossel,Quem programou você,Noite 2 · Lição IV · Material de Apoio p.14 · PDF Aula 02 p.4,—,4 programadores gravaram a sua mente. Você não escolheu nenhum.,"Slide 1: gancho. / Slide 2: Pai e mãe: a primeira programação. / Slide 3: A escola: ensinou a decorar, não a governar as emoções. / Slide 4: TV e novelas: o rico é vilão, o pobre é bonzinho. / Slide 5: ""Estude para ser alguém"": e aos 40 você ainda espera a vida começar. / Slide 6: A boa notícia: o que foi programado pode ser reprogramado. / Slide 7: CTA.",Tira a culpa e mostra a origem das crenças.,Despertar desejo de reprogramação.,Meio de funil · identificação,Salva e marca alguém que também foi programada assim.,A produzir
K04,Carrossel,Quanto valem 30 dias da sua vida,Noite 2 · Lições II e III · Material de Apoio p.13-14 · PDF Aula 02 p.3,Capa: F13 (feed),Quanto dinheiro valeria 30 dias da sua vida?,"Slide 1: gancho. / Slide 2: A turma respondeu: R$ 5 mil, R$ 10 mil, R$ 15 mil. / Slide 3: Agora imagine um bilionário com 30 dias de vida. / Slide 4: Ele daria tudo. A vida não tem preço. / Slide 5: E mesmo assim você se vende barato. / Slide 6: 1 × 0 = 0. Se você não investe em você, o retorno é zero. / Slide 7: CTA.",Choque de perspectiva sobre valor pessoal.,Justificar investimento em si mesma (quebra de objeção de preço).,Fundo de funil · objeção de preço,Comenta VALOR e eu te mando o próximo passo.,A produzir
K05,Carrossel,Escala de Hawkins,Noite 2 · Lição VI · Material de Apoio p.15 · PDF Aula 02 p.5,—,Em qual frequência você passou o dia de hoje?,"Slide 1: gancho. / Slide 2: A Escala de Hawkins organiza as emoções em níveis. / Slide 3: Embaixo: vergonha, culpa, medo, raiva, tristeza. / Slide 4: Em cima: coragem, amor, alegria, paz. / Slide 5: O universo devolve a frequência em que você vive. / Slide 6: Prática: gratidão ao acordar, antes do celular. / Slide 7: CTA.",Ferramenta visual de autodiagnóstico.,Educar e gerar prática diária.,Meio de funil · salvamentos,Salva e me conta: em que nível você está agora?,A produzir
K06,Carrossel,O que o perdão é e o que não é,Noite 2 · Prática · Material de Apoio p.17 · PDF Aula 02 p.5,Capa: F16 (feed),Perdoar não é o que te ensinaram.,Slide 1: gancho. / Slide 2: Perdoar NÃO é concordar com o que fizeram. / Slide 3: NÃO é aceitar que foi certo. / Slide 4: NÃO é ser obrigada a conviver. / Slide 5: Perdoar É decidir não carregar o lixo de algo que você não fez. / Slide 6: É rasgar o cheque em branco que você esperava cobrar. / Slide 7: CTA.,Derruba a principal resistência ao perdão.,Preparar para a Hipnose de Desbloqueio.,Meio de funil · emoção,Comenta EU TE LIBERTO.,A produzir
K07,Carrossel,As duas listas,Noite 3 · Exercícios 1 e 2 · Material de Apoio p.20-21 · PDF Aula 03 p.3-4,—,Pega papel e caneta. Esse exercício pode mudar os seus próximos 12 meses.,"Slide 1: gancho. / Slide 2: Folha 1: ""Do que eu me despeço hoje"". / Slide 3: Exemplos: dívidas, medo, culpa, relações tóxicas, falta de gratidão. / Slide 4: Folha 2: ""Tudo o que eu vou conquistar em 12 meses"". / Slide 5: Seja específica: o peso, o valor, o prazo. / Slide 6: Revise todo mês e risque o que já não é seu. / Slide 7: CTA.","Exercício prático e acionável, alto salvamento.",Entregar uma amostra do método.,Topo de funil · salvamentos e envio,Salva e faz hoje. Depois comenta FIZ.,A produzir
K08,Carrossel,Protocolo diário pós-Imersão,Rotina · Material de Apoio p.26 · PDF Aula 03 p.7,—,7 hábitos que mantêm a sua frequência alta.,"Slide 1: gancho. / Slide 2: Ao acordar: gratidão antes do celular. / Slide 3: De hora em hora: 1 minuto de ativação. / Slide 4: Durante o dia: troque reclamação por gratidão. / Slide 5: Ao sentir o velho padrão: ""chega de migalhas"". / Slide 6: Antes de dormir: mantra. Uma vez por mês: revise as listas. / Slide 7: CTA.",Rotina simples dá sensação de controle.,Mostrar que a transformação é prática diária.,Meio de funil · salvamentos,Salva e começa amanhã cedo.,A produzir
R01,Reels,A história da Dra. Próton,Noite 1 · Abertura · Material de Apoio p.6,—,Aos 30 anos eu vivia uma vida que eu não queria.,"Corte da abertura da Noite 1: família em que ninguém dizia ""eu te amo"", a frase ""a nossa vida é assim porque Deus quis"", a moeda de R$ 1 para a escola. Fechamento: ""Eu escolhi interromper essa corrente."" Legenda: Alguém da sua família precisa interromper a corrente. Por que não você?",Storytelling de origem gera conexão e autoridade.,Humanizar a marca e mostrar prova de transformação.,Topo de funil · alcance,Comenta CORRENTE se você vai ser quem interrompe.,Selecionar corte
R02,Reels,Experimento do prato,Noite 1 · Lição V · Material de Apoio p.8,—,Faça este teste de 30 segundos com o seu cérebro.,"Corte do exercício do prato: arroz, feijão, bife, a primeira garfada… e os bichos no arroz. Texto na tela: ""Você sentiu nojo? Nada disso é real."" Fechamento: ""O seu cérebro não distingue o real do imaginado. Imagine o que isso faz quando você remói o passado.""","Experiência interativa, alta retenção.",Provar o conceito na prática.,Topo de funil · retenção e compartilhamento,Comenta SENTI se o seu corpo reagiu.,Selecionar corte
R03,Reels,O jogo sem regras,Noite 1 · Lição I · Material de Apoio p.6,F02 como capa,Imagina ganhar um jogo sem manual.,"Corte da metáfora do jogo de tabuleiro. Texto na tela: ""Você não estava perdendo por falta de esforço."" Fechamento com a frase F02.","Metáfora universal, fácil de entender.",Tirar a culpa e abrir para o método.,Topo de funil · alcance,Segue para aprender as regras que ninguém te ensinou.,Selecionar corte
R04,Reels,Modo Obcecado,Noite 1 · Exercício · Material de Apoio p.9-10 · PDF Aula 01 p.7,—,1 minuto por hora que pode mudar a sua frequência financeira.,"Tutorial: programar alarme de hora em hora, fechar os olhos, repetir ""Eu ativo 520 741 8. Ativado."", visualizar o dinheiro entrando. Texto na tela com os passos.","Tutorial prático, gera teste e prova social nos comentários.",Gerar resultado rápido e relatos.,Meio de funil · salvamentos e relatos,"Salva, programa o alarme agora e comenta ATIVADO.",Gravar ou selecionar corte
R05,Reels,Quanto valem 30 dias,Noite 2 · Lição II · Material de Apoio p.13,—,Quanto você pagaria por mais 30 dias de vida?,"Corte da provocação do bilionário com 30 dias de vida. Fechamento: ""O mundo te enxerga da forma que você se enxerga.""","Provocação forte, gera comentários.",Trabalhar autovalor e investimento em si.,Meio de funil · comentários,Responde nos comentários: quanto valem 30 dias da sua vida?,Selecionar corte
R06,Reels,1 × 0 = 0,Noite 2 · Lição III · Material de Apoio p.14,F14 como capa,A matemática que explica por que a sua vida não anda.,"Corte: ""1 × 0 é zero. Mil × 0 é zero. Um bilhão × 0 é zero."" Complemento: investir em si é mentoria, corpo, alimentação e mente.","Lógica simples, difícil de rebater.",Quebrar objeção de investimento.,Fundo de funil · objeção de preço,Link na bio para a Imersão.,Selecionar corte
R07,Reels,Hipnose não é o que você viu na TV,Noite 2 · Lição VII · Material de Apoio p.15,—,Você entra em hipnose várias vezes por dia e nem percebe.,"Corte explicando hipnose: dirigir sem lembrar do caminho, o banho sem saber se lavou o cabelo. Fechamento: ""É nesse estado que a mente pode ser reprogramada.""",Desmistifica e reduz medo da técnica.,Quebrar objeção sobre hipnose.,Meio de funil · educação,Comenta HIPNOSE para saber como funciona a Hipnose de Desbloqueio.,Selecionar corte
R08,Reels,Depoimento pós-Hipnose de Desbloqueio,Noite 2 · Prática · Material de Apoio p.16-17,"Usar depoimentos já prontos do Desafio, se forem os mesmos",O que aconteceu depois que eu perdoei,"Relato de aluna sobre a Hipnose de Desbloqueio e o perdão. Texto na tela: ""Eu te perdoo e te liberto.""",Prova social emocional.,Gerar desejo pela experiência.,Fundo de funil · prova social,Link na bio para viver a Imersão.,Separar depoimento
R09,Reels,O chamado de Nicodemos,Noite 3 · Lição I · Material de Apoio p.20,—,Você também está atrás da parede?,"Corte com a história de Nicodemos (The Chosen). Fechamento: ""O conhecido tem uma segurança ilusória que o novo ainda não tem.""","Narrativa bíblica com público de fé, alta identificação.",Trabalhar a coragem de mudar.,Meio de funil · emoção,Comenta EU VOU se você não vai mais ficar atrás da parede.,Selecionar corte
R10,Reels,Riscar com vontade,Noite 3 · Lição 3.7 · Material de Apoio p.23,F19 como capa,Acabou.,"Corte da Dra. Próton conduzindo: ""Acabou o medo governando a minha vida. Acabou a ansiedade me fazendo travar. Acabou a carência me fazendo aceitar migalhas."" Tela preta com ""ACABOU"" a cada frase.","Ritmo forte e catártico, alta retenção.",Fechar a jornada com emoção e decisão.,Topo de funil · alcance,Comenta ACABOU.,Selecionar corte
Q01,Caixinha de perguntas,Autodiagnóstico,Noite 2 · Lição I · Material de Apoio p.13,—,O que você realmente conquistou nos últimos 12 meses?,"Story da caixinha com a pergunta. Resposta modelo: ""Se a resposta foi quase nada, você não é sobrevivente, você está sobrevivente. E isso muda."" Repostar 5 respostas anônimas com comentário da Dra.",Gera conversa e mapeia dores do público.,Coletar dores reais para copy.,Stories · pesquisa de público,Responde na caixinha. Eu vou responder as melhores.,A publicar
Q02,Caixinha de perguntas,Do que você se despede,Noite 3 · Exercício 1 · Material de Apoio p.20-21,—,Do que você vai se despedir hoje?,"Caixinha aberta. Resposta modelo: ""Escreve numa folha. Guarda. Todo mês você volta e risca."" Repostar respostas agrupadas por área (dinheiro, emoções, família).",Envolvimento emocional e compromisso público.,Aplicar o exercício da Noite 3 em massa.,Stories · engajamento,Responde na caixinha: eu me despeço de…,A publicar
Q03,Caixinha de perguntas,Dúvidas sobre hipnose,Noite 2 · Lição VII · Material de Apoio p.15,—,Qual a sua maior dúvida sobre hipnose?,"Caixinha de dúvidas. Respostas modelo: hipnose não é ficar desacordada, você não perde o controle, é um estado de relaxamento profundo que você já vive no dia a dia.",Quebra objeções antes da oferta.,Reduzir medo da técnica.,Stories · quebra de objeção,Manda a sua dúvida que eu respondo.,A publicar
Q04,Caixinha de perguntas,Frases da infância,Noite 1 · Lição VI · Material de Apoio p.8-9,—,Qual frase você ouvia na infância e ainda repete para si?,"Caixinha aberta. Resposta modelo: ""Essa é a música do seu CD. E música se regrava."" Repostar frases como ""dinheiro não dá em árvore"", ""rico é ladrão"".",Revela crenças limitantes do público.,Coletar crenças para conteúdo futuro.,Stories · pesquisa de público,Responde na caixinha: a frase que eu mais ouvia era…,A publicar
Q05,Caixinha de perguntas,Relatos do Modo Obcecado,Noite 1 · Exercício · Material de Apoio p.9-10,—,Você fez a ativação de hora em hora? O que mudou?,"Caixinha de relatos. Repostar os relatos com a observação da Dra.: o primeiro sinal de que a frequência subiu é você se sentir melhor, antes mesmo do dinheiro.",Gera prova social espontânea.,Coletar depoimentos.,Stories · prova social,Me conta na caixinha o que mudou.,A publicar
Q06,Caixinha de perguntas,Quanto vale a sua vida,Noite 2 · Lição II · Material de Apoio p.13-14,—,Quanto dinheiro valeria 30 dias da sua vida?,Enquete + caixinha. Resposta modelo com a história do bilionário e a frase F13.,Provoca reflexão sobre autovalor.,Preparar objeção de preço.,Stories · aquecimento,Responde com um valor.,A publicar
